lad19cd,lad19nm,type,income,quintile,moran,skew,80_20,90_50,50_10,90_10,ruc11cd,ruc11nm,ruc,coastal,oac11cd,oac11n,gdhi,health_avg,education_avg,flat,left,right,nshape
E07000223,Adur,nshape,0.108,3,0.17,0.03504047547,2.486238532,1.989247312,1.722222222,3.425925926,4,Urban with City and Town,urban,coastal,1,Town and Country Living,21231,-0.055,26.162,154,155,190,50
E07000026,Allerdale,flat,0.121,3,0.29,-0.05043436773,4.162895928,2.71160221,2.928802589,7.941747573,1,Mainly Rural,rural,coastal,3,Countryside Living,19804,0.189,27.873,7,114,123,69
E07000032,Amber Valley,nshape,0.109,3,0.29,-0.04857806777,3.173553719,2.147263682,2.469287469,5.302211302,5,Urban with Minor Conurbation,urban,non-coastal,1,Town and Country Living,18776,0.114,25.729,48,138,126,35
E07000224,Arun,nshape,0.104,3,0.31,-0.1159470528,2.336601307,1.979190751,1.790890269,3.544513458,4,Urban with City and Town,urban,coastal,3,Countryside Living,22793,0.128,24.399,135,162,158,11
E07000170,Ashfield,left,0.152,4,0.15,0.4328487707,2.610091743,1.989090909,2.555762082,5.083643123,4,Urban with City and Town,urban,non-coastal,5,Services and Industrial Legacy ,16510,0.542,35.49,94,12,243,76
E07000105,Ashford,nshape,0.11,3,0.34,-0.1685527171,2.165109034,2.397777778,1.778656126,4.264822134,3,Urban with Significant Rural,urban,non-coastal,1,Town and Country Living,21444,-0.473,22.784,143,149,184,29
E07000004,Aylesbury Vale,right,0.067,1,0.47,-0.7547809334,3.27672956,2.808510638,1.926229508,5.409836066,2,Largely Rural,rural,non-coastal,4,Affluent England ,24119,-0.838,15.266,255,280,61,266
E07000200,Babergh,right,0.08,2,0.17,-0.5308347508,2.44534413,2.243478261,1.725,3.87,1,Mainly Rural,rural,non-coastal,1,Town and Country Living,21882,-0.693,17.815,210,235,124,187
E09000002,Barking and Dagenham,left,0.194,5,0.27,0.7554375359,1.544846051,1.312244898,1.544523247,2.02679275,6,Urban with Major Conurbation,urban,london,7,Ethnically Diverse Metropolitan Living,17299,0.204,25.513,312,189,316,309
E09000003,Barnet,nshape,0.111,3,0.36,0.06711234609,2.620689655,2.063157895,2.111111111,4.355555556,6,Urban with Major Conurbation,urban,london,7,Ethnically Diverse Metropolitan Living,30826,-1.074,7.83,69,131,150,2
E08000016,Barnsley,left,0.169,5,0.38,0.5716597189,3.498630137,1.907594937,2.581699346,4.924836601,5,Urban with Minor Conurbation,urban,non-coastal,5,Services and Industrial Legacy ,16704,0.839,37.029,117,1,261,156
E07000027,Barrow-in-Furness,flat,0.159,5,0.5,0.2638384945,4.410958904,2.648484848,3.069767442,8.130232558,3,Urban with Significant Rural,urban,coastal,5,Services and Industrial Legacy ,17485,1.251,26.498,76,61,223,152
E07000066,Basildon,flat,0.138,4,0.58,0.2941661095,5.145539906,1.934328358,4.322580645,8.361290323,4,Urban with City and Town,urban,non-coastal,2,Urban Settlements,21180,-0.092,32.304,74,105,192,175
E07000084,Basingstoke and Deane,right,0.071,1,0.4,-0.6448682636,3.846153846,2.941176471,2.339449541,6.880733945,3,Urban with Significant Rural,urban,non-coastal,4,Affluent England ,24838,-0.52,16.648,225,263,39,248
E07000171,Bassetlaw,flat,0.122,3,0.23,0.07151872743,3.427586207,2.165714286,2.287581699,4.954248366,2,Largely Rural,rural,non-coastal,1,Town and Country Living,17836,0.419,27.32,28,95,165,42
E06000022,Bath and North East Somerset,right,0.079,2,0.21,-0.4975551528,3.384615385,2.30625,2.461538462,5.676923077,3,Urban with Significant Rural,urban,non-coastal,6,"Business, Education and Heritage Centres ",23107,-0.668,14.043,128,224,2,142
E06000055,Bedford,flat,0.114,3,0.36,-0.1449132449,3.274368231,2.602247191,2.367021277,6.159574468,3,Urban with Significant Rural,urban,non-coastal,2,Urban Settlements,21986,-0.119,19.05,25,124,121,24
E09000004,Bexley,flat,0.106,3,0.57,-0.1579304834,3.674418605,2.456140351,2.310810811,5.675675676,6,Urban with Major Conurbation,urban,london,2,Urban Settlements,22724,-0.561,18.331,67,160,95,95
E08000025,Birmingham,left,0.222,5,0.56,1.094417001,3.155339806,1.634821429,3.303834808,5.401179941,6,Urban with Major Conurbation,urban,non-coastal,7,Ethnically Diverse Metropolitan Living,15281,0.67,32.085,288,106,306,293
E07000129,Blaby,right,0.069,1,-0.02,-0.07735124268,2.284313725,1.519117647,1.894150418,2.877437326,4,Urban with City and Town,urban,non-coastal,1,Town and Country Living,18414,-0.497,16.8,233,258,103,194
E06000008,Blackburn with Darwen,left,0.212,5,0.42,0.9644052773,4.051948052,1.704225352,3.803571429,6.482142857,4,Urban with City and Town,urban,non-coastal,2,Urban Settlements,13741,1.049,34.512,261,76,298,277
E06000009,Blackpool,left,0.247,5,0.55,0.6620843869,3.012738854,2.406467662,1.887323944,4.541784038,4,Urban with City and Town,urban,coastal,5,Services and Industrial Legacy ,15986,1.643,38.502,287,74,309,284
E07000033,Bolsover,left,0.147,4,0.13,0.543641052,2.423444976,1.717216117,2.080792683,3.573170732,3,Urban with Significant Rural,urban,non-coastal,5,Services and Industrial Legacy ,15612,0.634,35.813,184,73,263,154
E08000001,Bolton,left,0.186,5,0.54,0.5258777767,4.912052117,2.010344828,4.182692308,8.408653846,6,Urban with Major Conurbation,urban,non-coastal,2,Urban Settlements,16021,0.589,26.349,162,44,262,223
E07000136,Boston,nshape,0.128,4,0,0.06786045336,2.181818182,1.845493562,1.792307692,3.307692308,3,Urban with Significant Rural,urban,non-coastal,2,Urban Settlements,16824,0.083,42.053,212,130,252,123
E06000058,"Bournemouth, Christchurch and Poole",nshape,0.112,3,0.4,0.0127232705,2.70890411,2.106382979,2.281553398,4.805825243,,,,coastal,9,LA_MISMATCH,21593,-0.039,19.384,42,120,138,1
E06000036,Bracknell Forest,right,0.068,1,0.42,-0.2356204871,3.606896552,2.230508475,2.587719298,5.771929825,4,Urban with City and Town,urban,non-coastal,4,Affluent England ,22796,-0.907,17.048,227,262,51,225
E08000032,Bradford,left,0.189,5,0.61,0.6269779644,4.284507042,1.97183908,3.782608696,7.458695652,6,Urban with Major Conurbation,urban,non-coastal,2,Urban Settlements,15319,0.632,37.34,178,37,270,226
E07000067,Braintree,nshape,0.092,2,0.15,-0.1949162299,2.772357724,1.877108434,2.044334975,3.837438424,2,Largely Rural,rural,non-coastal,1,Town and Country Living,21710,-0.382,21.593,126,188,102,56
E07000143,Breckland,nshape,0.1,3,0.18,-0.3835671985,2.086092715,2.137804878,1.649899396,3.527162978,1,Mainly Rural,rural,non-coastal,3,Countryside Living,17678,-0.038,33.049,193,196,182,83
E09000005,Brent,left,0.155,4,0.55,0.1788115157,1.932,1.839416058,1.571100917,2.889908257,6,Urban with Major Conurbation,urban,london,7,Ethnically Diverse Metropolitan Living,25102,-0.453,15.223,228,84,287,173
E07000068,Brentwood,right,0.064,1,0.05,-0.5225401042,3.92,2.23364486,2.431818182,5.431818182,3,Urban with Significant Rural,urban,non-coastal,4,Affluent England ,30390,-1.059,12.123,243,274,42,249
E06000043,Brighton and Hove,nshape,0.123,4,0.33,-0.1741554923,2.940789474,2.480808081,1.964285714,4.873015873,4,Urban with City and Town,urban,coastal,6,"Business, Education and Heritage Centres ",22437,0.097,18.639,33,93,174,3
E06000023,"Bristol, City of",flat,0.141,4,0.57,0.2272410636,4.452,2.391869919,3.942307692,9.429487179,4,Urban with City and Town,urban,non-coastal,6,"Business, Education and Heritage Centres ",19692,0.322,27.137,5,71,175,93
E07000144,Broadland,right,0.072,1,0.01,-0.287952619,2.061403509,1.725984252,1.5875,2.74,3,Urban with Significant Rural,urban,non-coastal,1,Town and Country Living,20352,-0.533,16.17,259,265,145,217
E09000006,Bromley,right,0.091,2,0.5,-0.5299707193,3.767955801,2.912121212,2.75,8.008333333,6,Urban with Major Conurbation,urban,london,4,Affluent England ,29510,-0.908,10.551,79,201,8,149
E07000234,Bromsgrove,right,0.073,1,0.11,-0.7270572206,3.448051948,2.859615385,1.992337165,5.697318008,4,Urban with City and Town,urban,non-coastal,1,Town and Country Living,24168,-0.481,11.127,232,264,44,250
E07000095,Broxbourne,nshape,0.108,3,0.22,0.1294563029,2.393442623,1.962365591,2.043956044,4.010989011,6,Urban with Major Conurbation,urban,non-coastal,2,Urban Settlements,24496,-0.693,25.104,98,145,152,5
E07000172,Broxtowe,flat,0.097,3,0.24,-0.2157078909,3.021276596,2.1625,2.424242424,5.242424242,5,Urban with Minor Conurbation,urban,non-coastal,1,Town and Country Living,18761,-0.286,16.417,49,168,49,46
E07000117,Burnley,left,0.203,5,0.45,0.9125165061,3.979539642,1.864305177,3.462264151,6.454716981,4,Urban with City and Town,urban,non-coastal,2,Urban Settlements,15661,1.087,35.598,211,18,290,247
E08000002,Bury,flat,0.145,4,0.33,0.1563644591,3.840136054,2.438181818,2.517162471,6.137299771,6,Urban with Major Conurbation,urban,non-coastal,2,Urban Settlements,18470,0.308,18.863,4,56,180,41
E08000033,Calderdale,flat,0.149,4,0.48,0.194741038,4.130136986,2.712757202,2.601713062,7.057815846,6,Urban with Major Conurbation,urban,non-coastal,2,Urban Settlements,17459,0.264,21.575,6,27,196,77
E07000008,Cambridge,right,0.077,2,0.3,-0.08381892839,4.664335664,2.08974359,3.9,8.15,4,Urban with City and Town,urban,non-coastal,6,"Business, Education and Heritage Centres ",24269,-0.505,10.254,214,241,125,213
E09000007,Camden,flat,0.141,4,0.35,0.4433481677,4,1.805555556,3.789473684,6.842105263,6,Urban with Major Conurbation,urban,london,8,London Cosmopolitan,42595,-0.556,10.523,40,51,213,106
E07000192,Cannock Chase,nshape,0.127,4,0.21,0.3428536101,3.024691358,1.884033613,2.253787879,4.246212121,3,Urban with Significant Rural,urban,non-coastal,5,Services and Industrial Legacy ,18144,0.131,30.143,107,94,217,82
E07000106,Canterbury,nshape,0.1,3,0.17,-0.1751787266,2.954545455,2.589090909,1.973684211,5.110047847,4,Urban with City and Town,urban,coastal,6,"Business, Education and Heritage Centres ",20030,-0.177,18.271,86,152,132,38
E07000028,Carlisle,flat,0.116,3,0.26,0.01268317487,3.814655172,1.887387387,2.775,5.2375,3,Urban with Significant Rural,urban,non-coastal,5,Services and Industrial Legacy ,18783,0.335,28.799,66,119,156,92
E07000069,Castle Point,nshape,0.107,3,0.33,-0.2920463144,2.501805054,2.004651163,1.784232365,3.576763485,4,Urban with City and Town,urban,non-coastal,1,Town and Country Living,21484,-0.311,29.411,138,163,160,79
E06000056,Central Bedfordshire,right,0.077,2,0.23,-0.6734918396,2.717277487,2.338983051,1.903225806,4.451612903,2,Largely Rural,rural,non-coastal,4,Affluent England ,22037,-0.712,17.131,170,243,7,196
E07000130,Charnwood,right,0.084,2,0.25,-0.5559061328,3.129213483,2.603030303,2.012195122,5.237804878,4,Urban with City and Town,urban,non-coastal,1,Town and Country Living,18025,-0.451,18.295,124,216,9,139
E07000070,Chelmsford,right,0.077,2,0.13,-0.605263601,2.827027027,2.613559322,1.966666667,5.14,4,Urban with City and Town,urban,non-coastal,4,Affluent England ,23774,-0.85,13.338,165,237,10,189
E07000078,Cheltenham,right,0.091,2,0.35,-0.5749304802,4.291428571,3.639344262,2.310606061,8.409090909,4,Urban with City and Town,urban,non-coastal,6,"Business, Education and Heritage Centres ",24670,-0.167,15.212,129,210,32,201
E07000177,Cherwell,right,0.076,2,0.41,-0.7889859407,2.72972973,2.5,1.870967742,4.677419355,3,Urban with Significant Rural,urban,non-coastal,4,Affluent England ,23248,-0.387,21.259,203,253,27,220
E06000049,Cheshire East,right,0.083,2,0.28,-0.6038287199,4.270967742,3.142105263,2.47826087,7.786956522,3,Urban with Significant Rural,urban,non-coastal,1,Town and Country Living,24524,-0.186,14.428,179,238,31,219
E06000050,Cheshire West and Chester,flat,0.108,3,0.38,-0.354970717,4.547263682,3.343243243,2.242424242,7.496969697,3,Urban with Significant Rural,urban,non-coastal,1,Town and Country Living,21818,0.089,18.227,11,148,52,119
E07000034,Chesterfield,left,0.153,4,0.26,0.5494776402,3.533742331,1.826760563,3.463414634,6.326829268,4,Urban with City and Town,urban,non-coastal,5,Services and Industrial Legacy ,16278,0.904,25.625,106,48,235,174
E07000225,Chichester,right,0.079,2,0.22,-0.2521571047,2.744186047,1.819444444,2.482758621,4.517241379,2,Largely Rural,rural,coastal,3,Countryside Living,25927,-0.453,14.874,148,227,22,128
E07000005,Chiltern,right,0.053,1,0.29,-1.056272249,5.585365854,3.117647059,2.698412698,8.412698413,3,Urban with Significant Rural,urban,non-coastal,4,Affluent England ,37244,-1.563,5.974,313,313,259,313
E07000118,Chorley,flat,0.102,3,0.34,-0.3821995987,3.391304348,3.014492754,1.916666667,5.777777778,3,Urban with Significant Rural,urban,non-coastal,1,Town and Country Living,19429,0.179,15.628,54,172,50,117
E09000001,City of London,right,0.065,1,-0.15,-1.536722498,6.142857143,5.120689655,2.761904762,14.14285714,6,Urban with Major Conurbation,urban,london,8,London Cosmopolitan,192165,-0.686,5.457,316,316,315,316
E07000071,Colchester,nshape,0.099,3,0.34,-0.2727666328,2.968992248,2.317647059,2.023809524,4.69047619,3,Urban with Significant Rural,urban,coastal,4,Affluent England ,20480,-0.13,17.449,77,157,118,33
E07000029,Copeland,flat,0.13,4,0.19,0.186179572,3.154109589,2.086440678,2.994923858,6.248730964,1,Mainly Rural,rural,coastal,5,Services and Industrial Legacy ,18927,0.737,29.577,26,89,171,22
E07000150,Corby,flat,0.136,4,0.26,0.4827054456,2.910447761,1.482758621,2.735849057,4.056603774,4,Urban with City and Town,urban,non-coastal,2,Urban Settlements,18408,0.61,39.075,181,101,249,170
E06000052,Cornwall,nshape,0.13,4,0.24,-0.1066629107,2.096385542,2.068807339,1.557142857,3.221428571,1,Mainly Rural,rural,coastal,9,LA_MISMATCH,18537,0.054,19.031,221,128,258,113
E07000079,Cotswold,right,0.064,1,0.12,-0.7676418014,2.075,1.857142857,1.696969697,3.151515152,1,Mainly Rural,rural,non-coastal,3,Countryside Living,28111,-0.891,11.074,241,273,43,242
E06000047,County Durham,left,0.165,5,0.3,0.7752851907,3.182989691,1.786419753,3.552631579,6.346491228,2,Largely Rural,rural,coastal,5,Services and Industrial Legacy ,16542,0.71,24.986,140,17,260,193
E08000026,Coventry,flat,0.154,4,0.52,0.2260159164,3.685185185,2.572580645,2.510121457,6.457489879,4,Urban with City and Town,urban,non-coastal,6,"Business, Education and Heritage Centres ",15353,0.367,25.238,18,21,216,62
E07000163,Craven,right,0.067,1,0.09,-1.097831189,2.243781095,2.201886792,1.428571429,3.145552561,1,Mainly Rural,rural,non-coastal,3,Countryside Living,22466,-0.532,12.235,251,270,112,254
E07000226,Crawley,nshape,0.11,3,0.28,0.6417722438,2.276923077,1.493333333,2.777777778,4.148148148,4,Urban with City and Town,urban,non-coastal,2,Urban Settlements,20498,-0.082,27.892,231,182,238,157
E09000008,Croydon,flat,0.136,4,0.49,0.4361661861,3.132492114,1.888976378,3.105134474,5.865525672,6,Urban with Major Conurbation,urban,london,7,Ethnically Diverse Metropolitan Living,23759,-0.174,15.577,37,57,205,34
E07000096,Dacorum,right,0.085,2,0.43,-0.2723667763,3.542553191,2.365714286,3.888888889,9.2,3,Urban with Significant Rural,urban,non-coastal,4,Affluent England ,25731,-0.743,16.579,85,202,13,116
E06000005,Darlington,flat,0.153,4,0.32,0.2895765054,4.787148594,2.416296296,3.292682927,7.956097561,4,Urban with City and Town,urban,non-coastal,5,Services and Industrial Legacy ,17140,0.532,27.402,95,59,227,184
E07000107,Dartford,right,0.095,2,0.34,-0.30920591,3.02764977,2.132515337,2.546875,5.43125,6,Urban with Major Conurbation,urban,non-coastal,2,Urban Settlements,22516,-0.247,19.595,62,178,35,51
E07000151,Daventry,right,0.073,1,0.1,-0.8694481057,2.621761658,2.605357143,1.573033708,4.098314607,1,Mainly Rural,rural,non-coastal,1,Town and Country Living,23217,-0.57,17.363,230,260,71,238
E06000015,Derby,flat,0.158,5,0.57,0.3573815336,5.020833333,2.359375,3.764705882,8.882352941,4,Urban with City and Town,urban,non-coastal,2,Urban Settlements,15964,0.526,33.417,34,45,208,141
E07000035,Derbyshire Dales,right,0.068,1,0.04,-1.161401818,2.112149533,1.988888889,1.525423729,3.033898305,1,Mainly Rural,rural,non-coastal,3,Countryside Living,29449,-0.568,12.391,256,275,86,251
E08000017,Doncaster,left,0.166,5,0.34,0.4534397342,3.734693878,2.016778523,2.744014733,5.534069982,5,Urban with Minor Conurbation,urban,non-coastal,5,Services and Industrial Legacy ,16772,0.665,39.72,90,7,247,143
E06000059,Dorset,nshape,0.088,2,0.29,-0.3562638542,2.399193548,2.053333333,1.984126984,4.074074074,,,,coastal,9,LA_MISMATCH,22680,-0.346,18.456,127,200,67,53
E07000108,Dover,nshape,0.134,4,0.3,0.1282641194,2.788732394,1.924369748,2.14028777,4.118705036,3,Urban with Significant Rural,urban,coastal,3,Countryside Living,19405,-0.033,24.745,60,65,215,10
E08000027,Dudley,flat,0.156,5,0.43,0.2846370515,4.017241379,2.154411765,3.238095238,6.976190476,6,Urban with Major Conurbation,urban,non-coastal,5,Services and Industrial Legacy ,16881,0.287,28.321,15,25,209,99
E09000009,Ealing,nshape,0.14,4,0.39,0.4037491592,2.443037975,1.924,2.016129032,3.879032258,6,Urban with Major Conurbation,urban,london,7,Ethnically Diverse Metropolitan Living,28226,-0.326,12.546,119,58,237,45
E07000009,East Cambridgeshire,right,0.07,1,-0.11,-0.1508998663,2.108108108,1.565217391,2.090909091,3.272727273,1,Mainly Rural,rural,non-coastal,1,Town and Country Living,23222,-0.957,16.407,224,259,64,200
E07000040,East Devon,right,0.081,2,0.09,-0.3092891461,2.387755102,1.884057971,1.682926829,3.170731707,2,Largely Rural,rural,coastal,3,Countryside Living,21134,-0.672,14.52,159,217,79,103
E07000085,East Hampshire,right,0.06,1,0.1,-0.7924049803,2.571428571,2.298,1.785714286,4.103571429,1,Mainly Rural,rural,non-coastal,4,Affluent England ,27510,-0.909,10.782,239,281,17,255
E07000242,East Hertfordshire,right,0.06,1,0.04,-0.7668372461,2.639240506,2.112871287,1.84981685,3.908424908,3,Urban with Significant Rural,urban,non-coastal,4,Affluent England ,31347,-1.425,8.693,267,289,48,270
E07000137,East Lindsey,left,0.162,5,0.44,0.2687508556,2.710843373,1.951048951,1.986111111,3.875,1,Mainly Rural,rural,coastal,3,Countryside Living,16792,0.571,32.359,173,26,269,136
E07000152,East Northamptonshire,right,0.084,2,0.15,-0.4975337856,2.912621359,2.532307692,1.766304348,4.472826087,2,Largely Rural,rural,non-coastal,1,Town and Country Living,22025,-0.492,22.458,147,215,53,148
E06000011,East Riding of Yorkshire,right,0.096,2,0.53,-0.464053513,3.58974359,2.886330935,2.178683386,6.288401254,2,Largely Rural,rural,coastal,3,Countryside Living,20350,-0.39,17.434,41,180,16,89
E07000193,East Staffordshire,flat,0.103,3,0.47,-0.3497957826,4.015,2.746666667,2.192982456,6.023391813,3,Urban with Significant Rural,urban,non-coastal,1,Town and Country Living,19209,0.043,22.829,104,181,88,165
E07000244,East Suffolk,flat,0.112,3,0.5,-0.1750146756,3.285714286,2.43715847,2.316455696,5.64556962,,,,coastal,9,LA_MISMATCH,20260,-0.132,24.332,9,118,107,14
E07000061,Eastbourne,nshape,0.141,4,0.29,0.3729751432,2.826086957,1.6875,2.482758621,4.189655172,4,Urban with City and Town,urban,coastal,6,"Business, Education and Heritage Centres ",19282,0.038,24.884,133,79,236,88
E07000086,Eastleigh,right,0.066,1,0.19,-0.7974312948,3.006622517,2.363265306,1.96,4.632,4,Urban with City and Town,urban,coastal,1,Town and Country Living,22014,-0.786,14.99,268,286,89,272
E07000030,Eden,right,0.07,1,0.18,-0.8786106988,1.8125,1.975409836,1.452380952,2.869047619,1,Mainly Rural,rural,non-coastal,3,Countryside Living,21402,-0.544,18.838,279,283,168,262
E07000207,Elmbridge,right,0.057,1,0.16,-1.089965535,3.652173913,2.976190476,2.8,8.333333333,6,Urban with Major Conurbation,urban,non-coastal,4,Affluent England ,38495,-1.478,7.012,303,308,178,305
E09000010,Enfield,left,0.171,5,0.66,0.6936061009,2.797647059,1.643274854,2.697160883,4.432176656,6,Urban with Major Conurbation,urban,london,7,Ethnically Diverse Metropolitan Living,22635,-0.535,20.255,186,20,278,205
E07000072,Epping Forest,nshape,0.091,2,0.14,-0.162516801,2.978165939,2.020779221,2,4.041558442,3,Urban with Significant Rural,urban,non-coastal,4,Affluent England ,29848,-0.778,19.608,115,195,74,68
E07000208,Epsom and Ewell,right,0.056,1,0.19,-1.131192436,3.294117647,2.103529412,2.777777778,5.843137255,6,Urban with Major Conurbation,urban,non-coastal,4,Affluent England ,32038,-1.138,8.46,310,312,225,311
E07000036,Erewash,flat,0.12,3,0.27,-0.07594231019,3.490272374,2.22,2.314814815,5.138888889,5,Urban with Minor Conurbation,urban,non-coastal,1,Town and Country Living,17304,0.007,26.859,17,109,142,58
E07000041,Exeter,nshape,0.095,2,0.2,-0.1826004214,2.727272727,2.35875,2.088772846,4.92689295,4,Urban with City and Town,urban,non-coastal,6,"Business, Education and Heritage Centres ",18365,-0.09,18.085,81,170,98,37
E07000087,Fareham,right,0.056,1,0.15,-1.173318828,2.322580645,2.145833333,2.068965517,4.439655172,4,Urban with City and Town,urban,non-coastal,1,Town and Country Living,23286,-0.838,10.646,278,296,63,285
E07000010,Fenland,nshape,0.14,4,0.14,0.05599411286,1.82173913,1.507352941,1.670761671,2.518427518,2,Largely Rural,rural,non-coastal,1,Town and Country Living,18222,0.501,37.913,250,123,286,182
E07000112,Folkestone and Hythe,nshape,0.145,4,0.43,0.3354113559,2.831955923,1.9015625,2.077922078,3.951298701,3,Urban with Significant Rural,urban,coastal,3,Countryside Living,20044,0.128,25.876,89,43,231,40
E07000080,Forest of Dean,nshape,0.107,3,0.04,-0.08848866636,2.37987013,1.945263158,1.881188119,3.659405941,1,Mainly Rural,rural,non-coastal,1,Town and Country Living,18734,-0.432,23.968,112,142,176,9
E07000119,Fylde,nshape,0.096,2,0.11,-0.1982712556,2.557692308,2.12195122,2,4.243902439,4,Urban with City and Town,urban,coastal,3,Countryside Living,21741,0.208,12.511,123,179,120,63
E08000037,Gateshead,left,0.167,5,0.34,0.6622298707,3.520547945,1.858934169,2.953703704,5.490740741,6,Urban with Major Conurbation,urban,non-coastal,5,Services and Industrial Legacy ,16510,0.824,26.881,130,15,255,171
E07000173,Gedling,nshape,0.102,3,0.16,-0.08971253881,2.776223776,2.255,1.951219512,4.4,5,Urban with Minor Conurbation,urban,non-coastal,1,Town and Country Living,18458,-0.256,18.694,125,165,143,70
E07000081,Gloucester,flat,0.126,4,0.43,-0.01795442825,4.3307393,2.618090452,2.660427807,6.965240642,4,Urban with City and Town,urban,non-coastal,2,Urban Settlements,18967,0.378,26.928,14,104,148,78
E07000088,Gosport,nshape,0.107,3,0.34,-0.03381058263,3.3,1.935416667,2.123893805,4.110619469,4,Urban with City and Town,urban,coastal,5,Services and Industrial Legacy ,18634,0.062,30.357,136,166,154,121
E07000109,Gravesham,flat,0.122,3,0.37,0.09374468011,4.082608696,2.152830189,2.704081633,5.821428571,6,Urban with Major Conurbation,urban,non-coastal,2,Urban Settlements,20402,-0.152,27.216,84,127,166,108
E07000145,Great Yarmouth,left,0.184,5,0.58,0.3374761264,3.441860465,2.256756757,1.873417722,4.227848101,3,Urban with Significant Rural,urban,coastal,3,Countryside Living,15955,0.587,42.049,201,28,284,199
E09000011,Greenwich,left,0.159,5,0.34,0.8011989168,2.413043478,1.644736842,2.202898551,3.623188406,6,Urban with Major Conurbation,urban,london,7,Ethnically Diverse Metropolitan Living,24279,-0.021,15.639,191,49,271,176
E07000209,Guildford,right,0.057,1,0.17,-0.9191305865,4.132743363,2.682222222,2.941176471,7.888888889,4,Urban with City and Town,urban,non-coastal,4,Affluent England ,29479,-0.968,11.311,291,298,134,292
E09000012,Hackney,left,0.196,5,0.23,1.250075871,1.901849218,1.557480315,1.545012165,2.406326034,6,Urban with Major Conurbation,urban,london,8,London Cosmopolitan,23197,0.371,14.972,280,63,307,278
E06000006,Halton,left,0.185,5,0.31,0.5817515969,5.691756272,2.062569832,4.302884615,8.875,4,Urban with City and Town,urban,non-coastal,5,Services and Industrial Legacy ,17164,0.93,29.565,199,72,272,252
E07000164,Hambleton,right,0.067,1,0.03,-0.9641784389,2.906077348,2.843478261,1.389728097,3.951661631,1,Mainly Rural,rural,non-coastal,3,Countryside Living,23379,-0.789,14.659,270,284,116,274
E09000013,Hammersmith and Fulham,flat,0.142,4,0.29,0.416309037,2.921568627,1.96744186,2.55952381,5.035714286,6,Urban with Major Conurbation,urban,london,8,London Cosmopolitan,40915,-0.05,8.141,64,39,224,74
E07000131,Harborough,right,0.056,1,-0.02,-1.131794434,2.3625,2.05,1.571428571,3.221428571,1,Mainly Rural,rural,non-coastal,1,Town and Country Living,24425,-1.084,10.977,275,293,62,282
E09000014,Haringey,left,0.17,5,0.65,0.7443339289,2.954216867,1.68313253,2.757475083,4.641196013,6,Urban with Major Conurbation,urban,london,8,London Cosmopolitan,29353,-0.128,17.6,146,4,268,180
E07000073,Harlow,nshape,0.134,4,0.31,1.314838211,1.696498054,1.398555957,2.339527027,3.271959459,4,Urban with City and Town,urban,non-coastal,2,Urban Settlements,18127,0.203,26.764,286,191,294,246
E07000165,Harrogate,right,0.062,1,0.28,-0.9015729545,2.8,2.254,2.083333333,4.695833333,3,Urban with Significant Rural,urban,non-coastal,3,Countryside Living,25363,-0.611,10.342,252,282,36,259
E09000015,Harrow,nshape,0.109,3,0.26,0.215194041,2.111782477,1.838834951,2.163865546,3.978991597,6,Urban with Major Conurbation,urban,london,7,Ethnically Diverse Metropolitan Living,29085,-1.04,8.044,172,161,200,31
E07000089,Hart,right,0.042,1,-0.07,-1.628333631,2.216,2.070588235,1.683168317,3.485148515,3,Urban with Significant Rural,urban,non-coastal,4,Affluent England ,29676,-1.529,6.429,315,315,265,315
E06000001,Hartlepool,left,0.228,5,0.39,0.901374083,4.13253012,1.89058296,4.168224299,7.880373832,4,Urban with City and Town,urban,coastal,5,Services and Industrial Legacy ,16199,0.869,30.255,282,115,303,295
E07000062,Hastings,left,0.202,5,0.27,0.6561739329,2.663023679,2.059887006,2.398373984,4.940379404,4,Urban with City and Town,urban,coastal,2,Urban Settlements,17697,0.633,33.115,229,8,297,240
E07000090,Havant,flat,0.126,4,0.49,0.07755795613,4.117647059,2.373658537,2.458033573,5.834532374,4,Urban with City and Town,urban,coastal,5,Services and Industrial Legacy ,19853,0.056,30.68,63,108,181,102
E09000016,Havering,nshape,0.108,3,0.51,-0.1016200425,3.3375,2.358333333,2.00477327,4.727923628,6,Urban with Major Conurbation,urban,london,2,Urban Settlements,23447,-0.538,22.594,12,137,92,7
E06000019,"Herefordshire, County of",nshape,0.098,3,0.31,-0.4952530535,2.25,2.142857143,1.642857143,3.520408163,2,Largely Rural,rural,non-coastal,3,Countryside Living,20478,-0.312,20.465,175,194,163,91
E07000098,Hertsmere,nshape,0.089,2,0.16,-0.03081479074,2.898617512,1.981927711,3.443983402,6.825726141,6,Urban with Major Conurbation,urban,non-coastal,4,Affluent England ,28921,-0.668,13.77,121,198,68,86
E07000037,High Peak,nshape,0.097,3,0.18,-0.4657179485,2.80876494,2.582857143,1.804123711,4.659793814,2,Largely Rural,rural,non-coastal,1,Town and Country Living,19420,0.008,17.583,122,186,99,105
E09000017,Hillingdon,nshape,0.114,3,0.48,0.3488595678,2.896551724,1.803738318,2.431818182,4.386363636,6,Urban with Major Conurbation,urban,london,7,Ethnically Diverse Metropolitan Living,22452,-0.379,16.402,108,133,179,21
E07000132,Hinckley and Bosworth,right,0.082,2,0.19,-0.3455306658,2.880952381,2.208333333,2.117647059,4.676470588,2,Largely Rural,rural,non-coastal,1,Town and Country Living,19676,-0.442,21.59,141,221,25,135
E07000227,Horsham,right,0.056,1,0.03,-0.8898962388,2.655172414,2.244444444,2.045454545,4.590909091,2,Largely Rural,rural,non-coastal,4,Affluent England ,26853,-0.894,9.597,285,299,87,288
E09000018,Hounslow,nshape,0.129,4,0.24,0.2339809777,2.283819629,1.773333333,1.93236715,3.426731079,6,Urban with Major Conurbation,urban,london,7,Ethnically Diverse Metropolitan Living,25128,-0.27,13.287,166,107,240,49
E07000011,Huntingdonshire,right,0.074,2,0.3,-0.5255031245,2.826086957,2.104918033,1.967741935,4.141935484,1,Mainly Rural,rural,non-coastal,1,Town and Country Living,22194,-0.608,18.129,163,246,1,186
E07000120,Hyndburn,left,0.182,5,0.32,0.7204975128,3.829608939,1.888372093,3.675213675,6.94017094,4,Urban with City and Town,urban,non-coastal,2,Urban Settlements,15396,1.068,30.772,205,52,280,236
E07000202,Ipswich,flat,0.141,4,0.25,0.3601927963,3.78343949,2.088888889,2.943925234,6.14953271,4,Urban with City and Town,urban,non-coastal,2,Urban Settlements,19134,0.396,33.404,46,53,214,94
E06000046,Isle of Wight,nshape,0.138,4,0.22,0.1477585788,2.277078086,1.759375,1.969230769,3.464615385,1,Mainly Rural,rural,coastal,3,Countryside Living,18366,0.084,26.09,161,81,250,67
E06000053,Isles of Scilly,right,0.029,1,,,1,1,1,1,1,Mainly Rural,rural,non-coastal,9,LA_MISMATCH,26284,-2.625,9.671,317,317,317,317
E09000019,Islington,left,0.179,5,0.16,1.007872043,2.139329806,1.522727273,1.848739496,2.81512605,6,Urban with Major Conurbation,urban,london,8,London Cosmopolitan,31784,0.274,12.483,265,66,300,256
E09000020,Kensington and Chelsea,flat,0.117,3,0.7,-0.1679931052,8.925,3.518604651,5.375,18.9125,6,Urban with Major Conurbation,urban,london,8,London Cosmopolitan,89844,-1.243,5.192,226,213,207,264
E07000153,Kettering,flat,0.113,3,0.29,-0.3559963391,3.082352941,2.485714286,2.176165803,5.409326425,4,Urban with City and Town,urban,non-coastal,2,Urban Settlements,19492,0.051,24.256,23,139,96,19
E07000146,King's Lynn and West Norfolk,nshape,0.12,3,0.29,0.1438530978,2.037533512,1.811320755,1.796610169,3.254237288,2,Largely Rural,rural,coastal,3,Countryside Living,18808,0.426,33.164,196,143,233,80
E06000010,"Kingston upon Hull, City of",left,0.227,5,0.55,0.8850523314,3.946236559,1.843091335,3.234848485,5.962121212,4,Urban with City and Town,urban,non-coastal,2,Urban Settlements,14032,0.853,41.672,297,126,308,300
E09000021,Kingston upon Thames,right,0.078,2,0.16,-0.3639908801,2.632850242,1.944776119,2.067901235,4.021604938,6,Urban with Major Conurbation,urban,london,6,"Business, Education and Heritage Centres ",28082,-0.963,6.938,150,231,18,125
E08000034,Kirklees,flat,0.143,4,0.41,0.244482937,4.042857143,2.253781513,2.76744186,6.237209302,6,Urban with Major Conurbation,urban,non-coastal,2,Urban Settlements,16963,0.166,25.144,8,46,193,87
E08000011,Knowsley,left,0.251,5,0.44,0.9385940324,3.561594203,1.677227723,3.412162162,5.722972973,6,Urban with Major Conurbation,urban,non-coastal,5,Services and Industrial Legacy ,16258,1.381,41.894,308,158,314,308
E09000022,Lambeth,left,0.153,4,0.14,0.6283667333,2.329875519,1.737024221,1.926666667,3.346666667,6,Urban with Major Conurbation,urban,london,8,London Cosmopolitan,29003,0.148,10.493,207,67,276,178
E07000121,Lancaster,flat,0.129,4,0.48,-0.08508377694,3.865771812,3.026373626,2.219512195,6.717073171,3,Urban with Significant Rural,urban,coastal,6,"Business, Education and Heritage Centres ",17420,0.512,20.064,20,92,164,57
E08000035,Leeds,flat,0.143,4,0.59,0.0148197071,5.323651452,3.211111111,2.828571429,9.082857143,6,Urban with Major Conurbation,urban,non-coastal,6,"Business, Education and Heritage Centres ",18236,0.415,26.25,10,83,169,133
E06000016,Leicester,left,0.196,5,0.39,0.9240119721,2.618081181,1.893370166,2.413333333,4.569333333,4,Urban with City and Town,urban,non-coastal,7,Ethnically Diverse Metropolitan Living,13269,0.594,37.277,220,3,295,234
E07000063,Lewes,nshape,0.099,3,0.36,-0.1278697158,2.517985612,2.03253012,2.064676617,4.196517413,3,Urban with Significant Rural,urban,coastal,3,Countryside Living,23363,-0.404,20.567,113,167,133,23
E09000023,Lewisham,left,0.164,5,0.31,0.8369641434,2.120075047,1.482208589,1.791208791,2.654945055,6,Urban with Major Conurbation,urban,london,7,Ethnically Diverse Metropolitan Living,23580,0.067,13.911,245,78,296,228
E07000194,Lichfield,right,0.084,2,0.29,-0.3399291277,2.823809524,2.210294118,2.336769759,5.164948454,3,Urban with Significant Rural,urban,non-coastal,1,Town and Country Living,22862,-0.432,15.448,109,209,11,111
E07000138,Lincoln,left,0.155,4,0.19,0.2157318119,3.901538462,2.358730159,2.368421053,5.586466165,4,Urban with City and Town,urban,non-coastal,6,"Business, Education and Heritage Centres ",16394,0.653,30.752,83,24,234,129
E08000012,Liverpool,left,0.235,5,0.65,1.109675195,4,1.669327731,3.986599665,6.654941374,6,Urban with Major Conurbation,urban,non-coastal,6,"Business, Education and Heritage Centres ",15848,1.347,33.793,304,147,312,306
E06000032,Luton,left,0.155,4,0.41,0.5029715343,3.097222222,1.760273973,2.862745098,5.039215686,4,Urban with City and Town,urban,non-coastal,7,Ethnically Diverse Metropolitan Living,16257,0.294,27.432,114,29,244,122
E07000110,Maidstone,right,0.095,2,0.32,-0.4423607537,2.910313901,2.378378378,2.3125,5.5,3,Urban with Significant Rural,urban,non-coastal,4,Affluent England ,22769,-0.49,18.885,59,183,21,73
E07000074,Maldon,nshape,0.086,2,0.05,-0.3973692069,2.152985075,1.77625,1.724137931,3.0625,1,Mainly Rural,rural,non-coastal,1,Town and Country Living,25678,-0.555,20.526,208,220,153,131
E07000235,Malvern Hills,nshape,0.092,2,0.34,-0.9084042837,2.382239382,2.568571429,1.555555556,3.995555556,2,Largely Rural,rural,non-coastal,3,Countryside Living,22463,-0.603,11.978,209,223,151,179
E08000003,Manchester,left,0.219,5,0.54,1.172107943,3.317073171,1.629139073,4.03024911,6.565836299,6,Urban with Major Conurbation,urban,non-coastal,6,"Business, Education and Heritage Centres ",14864,1.198,28.119,289,112,305,302
E07000174,Mansfield,left,0.156,5,0.21,0.6078023798,4.691056911,1.79375,4.04040404,7.247474747,4,Urban with City and Town,urban,non-coastal,5,Services and Industrial Legacy ,16762,0.74,36.748,152,77,245,211
E06000035,Medway,flat,0.134,4,0.39,0.213401576,3.575,2.133333333,2.6,5.546666667,4,Urban with City and Town,urban,non-coastal,2,Urban Settlements,18885,0.075,28.026,19,70,188,52
E07000133,Melton,right,0.072,1,-0.01,-0.6281763499,2.347368421,2.320634921,2.179930796,5.058823529,1,Mainly Rural,rural,non-coastal,1,Town and Country Living,21109,-0.574,15.417,218,257,47,218
E07000187,Mendip,nshape,0.099,3,0.27,-0.2163371771,2.696428571,1.877094972,1.808080808,3.393939394,1,Mainly Rural,rural,non-coastal,3,Countryside Living,21547,-0.254,17.677,192,192,183,104
E09000024,Merton,flat,0.1,3,0.58,-0.1252712023,4.015306122,2.313580247,2.736486486,6.331081081,6,Urban with Major Conurbation,urban,london,7,Ethnically Diverse Metropolitan Living,32387,-0.615,9.184,51,169,56,84
E07000042,Mid Devon,nshape,0.093,2,0.13,-0.04884761595,2.535849057,1.735714286,1.68,2.916,1,Mainly Rural,rural,non-coastal,3,Countryside Living,20525,-0.757,19.625,216,207,191,127
E07000203,Mid Suffolk,right,0.071,1,0.01,-0.8520263985,1.829787234,1.766129032,1.698630137,3,1,Mainly Rural,rural,non-coastal,1,Town and Country Living,22144,-0.907,15.8,237,261,105,216
E07000228,Mid Sussex,right,0.053,1,0.02,-1.109176966,2.413793103,2.179775281,1.893617021,4.127659574,4,Urban with City and Town,urban,non-coastal,4,Affluent England ,26105,-1.227,10.357,294,304,110,296
E06000002,Middlesbrough,left,0.251,5,0.63,0.8251316208,5.142857143,1.757062147,4.827272727,8.481818182,4,Urban with City and Town,urban,non-coastal,2,Urban Settlements,15469,1.194,38.85,311,208,313,312
E06000042,Milton Keynes,nshape,0.111,3,0.47,-0.2871122084,2.84341637,2.479041916,1.893424036,4.693877551,4,Urban with City and Town,urban,non-coastal,2,Urban Settlements,21717,-0.158,19.205,68,140,139,13
E07000210,Mole Valley,right,0.054,1,0.11,-1.273874698,3.053571429,1.969565217,3.285714286,6.471428571,3,Urban with Significant Rural,urban,non-coastal,4,Affluent England ,31675,-0.867,9.002,292,303,111,297
E07000091,New Forest,right,0.077,2,0.09,-0.6419953573,2.571428571,2.476271186,1.685714286,4.174285714,3,Urban with Significant Rural,urban,coastal,3,Countryside Living,25086,-0.628,15.074,168,239,12,181
E07000175,Newark and Sherwood,flat,0.109,3,0.26,-0.2234571687,3.284518828,2.696969697,2.507598784,6.762917933,2,Largely Rural,rural,non-coastal,1,Town and Country Living,19247,-0.07,25.939,24,146,72,32
E08000021,Newcastle upon Tyne,left,0.178,5,0.57,0.4122758672,6.018939394,2.690647482,4.512987013,12.14285714,6,Urban with Major Conurbation,urban,non-coastal,6,"Business, Education and Heritage Centres ",15920,0.815,28.68,183,88,256,239
E07000195,Newcastle-under-Lyme,flat,0.108,3,0.33,0.01360040695,3.457831325,2.396551724,2.357723577,5.650406504,4,Urban with City and Town,urban,non-coastal,1,Town and Country Living,16942,0.312,23.163,38,132,127,47
E09000025,Newham,left,0.169,5,0.22,1.903080668,1.544378698,1.384705882,1.531531532,2.120720721,6,Urban with Major Conurbation,urban,london,7,Ethnically Diverse Metropolitan Living,19465,-0.03,17.775,305,171,310,294
E07000043,North Devon,nshape,0.11,3,0.43,-0.2743713059,2.71,2.422485207,1.588345865,3.847744361,2,Largely Rural,rural,coastal,3,Countryside Living,19775,0.099,20.6,101,136,172,20
E07000038,North East Derbyshire,flat,0.112,3,0.25,-0.01879348717,3.525862069,2.56,2.580645161,6.606451613,4,Urban with City and Town,urban,non-coastal,1,Town and Country Living,18081,0.143,23.38,22,141,94,61
E06000012,North East Lincolnshire,left,0.19,5,0.53,0.407600056,4.968253968,2.513595166,3.412371134,8.577319588,4,Urban with City and Town,urban,coastal,5,Services and Industrial Legacy ,16183,0.38,35.861,187,64,267,227
E07000099,North Hertfordshire,right,0.079,2,0.18,-0.4064712781,3.757575758,2.497637795,2.634854772,6.580912863,3,Urban with Significant Rural,urban,non-coastal,4,Affluent England ,26121,-0.712,12.868,137,225,6,161
E07000139,North Kesteven,right,0.081,2,0.23,-0.3856197173,2.252066116,2.015172414,1.768292683,3.563414634,1,Mainly Rural,rural,non-coastal,3,Countryside Living,19529,-0.602,13.244,177,226,90,126
E06000013,North Lincolnshire,nshape,0.133,4,0.3,-0.06016811503,3.125,2.62,1.960784314,5.137254902,3,Urban with Significant Rural,urban,coastal,1,Town and Country Living,16889,0.233,28.419,35,80,186,4
E07000147,North Norfolk,nshape,0.106,3,0.03,-0.09403282622,1.583333333,1.716326531,1.392045455,2.389204545,1,Mainly Rural,rural,coastal,3,Countryside Living,19183,-0.021,24.231,302,251,291,244
E06000024,North Somerset,right,0.101,3,0.58,-0.4711322569,3.480392157,2.917808219,2.570422535,7.5,3,Urban with Significant Rural,urban,coastal,3,Countryside Living,23047,-0.263,16.945,52,177,26,107
E08000022,North Tyneside,flat,0.144,4,0.52,0.3578013408,4.163636364,2.147540984,3.696969697,7.939393939,6,Urban with Major Conurbation,urban,coastal,5,Services and Industrial Legacy ,18143,0.43,20.683,73,85,211,164
E07000218,North Warwickshire,nshape,0.097,3,0.07,-0.3529211391,2.694656489,1.979268293,1.794310722,3.551422319,1,Mainly Rural,rural,non-coastal,1,Town and Country Living,19802,-0.109,25.791,151,185,141,118
E07000134,North West Leicestershire,nshape,0.09,2,0.1,-0.4410246268,2.64978903,2.265306122,1.762589928,3.992805755,2,Largely Rural,rural,non-coastal,1,Town and Country Living,18870,-0.169,22.006,153,203,109,100
E07000154,Northampton,flat,0.123,4,0.29,0.01720221049,3.561797753,2.544086022,2.597765363,6.608938547,4,Urban with City and Town,urban,non-coastal,2,Urban Settlements,19885,0.349,26.477,2,99,129,18
E06000057,Northumberland,flat,0.126,4,0.41,-0.06558706399,4.462222222,2.835051546,2.939393939,8.333333333,2,Largely Rural,rural,coastal,3,Countryside Living,20437,0.189,22.596,1,100,114,44
E07000148,Norwich,left,0.163,5,0.26,0.7020700496,3.954819277,1.705389222,3.957345972,6.748815166,4,Urban with City and Town,urban,non-coastal,6,"Business, Education and Heritage Centres ",17038,0.689,34.178,131,19,254,198
E06000018,Nottingham,left,0.199,5,0.48,1.067515153,3.089795918,1.540415704,3.531810767,5.44045677,5,Urban with Minor Conurbation,urban,non-coastal,6,"Business, Education and Heritage Centres ",13138,0.861,37.51,248,41,299,271
E07000219,Nuneaton and Bedworth,flat,0.136,4,0.33,0.3923434082,3.438596491,2.165217391,3.194444444,6.916666667,4,Urban with City and Town,urban,non-coastal,2,Urban Settlements,18573,0.279,30.122,39,87,185,43
E07000135,Oadby and Wigston,right,0.086,2,0.35,-0.6530493339,2.307692308,2.607692308,1.444444444,3.766666667,4,Urban with City and Town,urban,non-coastal,1,Town and Country Living,18922,-0.189,17.704,236,242,177,214
E08000004,Oldham,left,0.193,5,0.6,0.5366532152,4.65625,2.017241379,3.782608696,7.630434783,6,Urban with Major Conurbation,urban,non-coastal,2,Urban Settlements,15379,0.663,35.509,195,55,274,235
E07000178,Oxford,flat,0.093,2,0.5,-0.1016005705,4.171122995,2.565432099,2.755102041,7.068027211,4,Urban with City and Town,urban,non-coastal,6,"Business, Education and Heritage Centres ",20857,-0.271,16.468,93,175,84,114
E07000122,Pendle,left,0.168,5,0.51,0.4216069951,3.907246377,2.034965035,2.708333333,5.511363636,4,Urban with City and Town,urban,non-coastal,2,Urban Settlements,16445,0.653,32.825,87,6,246,153
E06000031,Peterborough,left,0.156,5,0.32,0.3849191964,3.549079755,1.973333333,2.73512476,5.39731286,4,Urban with City and Town,urban,non-coastal,2,Urban Settlements,17968,0.413,34.571,110,33,242,146
E06000026,Plymouth,flat,0.148,4,0.49,0.2048548737,3.71875,2.248,2.717391304,6.108695652,4,Urban with City and Town,urban,coastal,6,"Business, Education and Heritage Centres ",17555,0.666,25.623,13,23,212,48
E06000044,Portsmouth,nshape,0.134,4,0.6,-0.03459467811,2.747058824,2.426168224,2.026515152,4.916666667,4,Urban with City and Town,urban,non-coastal,6,"Business, Education and Heritage Centres ",16297,0.27,27.706,71,90,203,6
E07000123,Preston,left,0.162,5,0.55,0.4972762356,5.169811321,1.868167203,3.534090909,6.602272727,4,Urban with City and Town,urban,non-coastal,6,"Business, Education and Heritage Centres ",16473,0.758,26.411,102,35,239,192
E06000038,Reading,nshape,0.114,3,0.38,0.2197959778,3.256603774,2.228282828,3.390410959,7.554794521,4,Urban with City and Town,urban,non-coastal,6,"Business, Education and Heritage Centres ",22351,-0.034,20.993,61,116,155,36
E09000026,Redbridge,nshape,0.121,3,0.41,0.534513031,2.402985075,1.657894737,2.150943396,3.566037736,6,Urban with Major Conurbation,urban,london,7,Ethnically Diverse Metropolitan Living,23241,-0.74,11.126,171,135,226,75
E06000003,Redcar and Cleveland,left,0.186,5,0.35,0.5177605734,4.726993865,2.579470199,3.304157549,8.52297593,3,Urban with Significant Rural,urban,coastal,5,Services and Industrial Legacy ,16068,0.79,27.768,142,38,253,207
E07000236,Redditch,flat,0.124,4,0.09,0.05280532282,5.068493151,2.550515464,2.852941176,7.276470588,4,Urban with City and Town,urban,non-coastal,2,Urban Settlements,20000,0.362,28.201,56,121,147,155
E07000211,Reigate and Banstead,right,0.067,1,0.22,-0.8714060749,2.828571429,2.537037037,1.963636364,4.981818182,4,Urban with City and Town,urban,non-coastal,4,Affluent England ,28479,-0.671,11.92,222,266,15,241
E07000124,Ribble Valley,right,0.057,1,0.23,-0.9734580395,1.983146067,1.82244898,1.842105263,3.357142857,1,Mainly Rural,rural,non-coastal,3,Countryside Living,24966,-0.454,7.396,290,301,112,289
E09000027,Richmond upon Thames,right,0.064,1,0.11,-0.9629511547,2.845637584,2.423529412,2.125,5.15,6,Urban with Major Conurbation,urban,london,4,Affluent England ,42156,-1.373,3.534,242,277,24,260
E07000166,Richmondshire,right,0.059,1,0.16,-1.302957027,1.849740933,1.632727273,1.575931232,2.573065903,1,Mainly Rural,rural,non-coastal,3,Countryside Living,20216,-0.667,19.463,300,302,162,291
E08000005,Rochdale,left,0.201,5,0.49,0.6425094804,4.262162162,2.004142012,3.12962963,6.272222222,6,Urban with Major Conurbation,urban,non-coastal,2,Urban Settlements,15579,0.842,31.135,219,42,289,245
E07000075,Rochford,right,0.073,1,0.25,-0.7098889263,2.495,1.862295082,1.794117647,3.341176471,4,Urban with City and Town,urban,non-coastal,1,Town and Country Living,22141,-0.953,20.451,180,250,4,188
E07000125,Rossendale,left,0.145,4,0.19,0.5231918066,3.071022727,2.335433071,2.912844037,6.802752294,4,Urban with City and Town,urban,non-coastal,5,Services and Industrial Legacy ,17502,0.344,21.724,82,34,232,120
E07000064,Rother,nshape,0.113,3,0.37,-0.2929916864,2.434250765,2.046073298,1.822519084,3.729007634,2,Largely Rural,rural,coastal,3,Countryside Living,21854,-0.082,19.528,160,153,198,55
E08000018,Rotherham,left,0.168,5,0.42,0.387448653,3.798245614,2.236734694,2.773584906,6.203773585,5,Urban with Minor Conurbation,urban,non-coastal,5,Services and Industrial Legacy ,16917,0.817,33.365,72,9,241,147
E07000220,Rugby,right,0.087,2,0.21,-0.3593342644,2.904761905,2.376811594,2.029411765,4.823529412,4,Urban with City and Town,urban,non-coastal,2,Urban Settlements,22832,-0.395,15.666,145,212,58,150
E07000212,Runnymede,right,0.066,1,0.18,-0.3152546558,3.52739726,2.143333333,2.69058296,5.766816143,6,Urban with Major Conurbation,urban,non-coastal,4,Affluent England ,24876,-0.78,13.543,244,271,75,243
E07000176,Rushcliffe,right,0.059,1,-0.05,-0.9627128878,2.65625,2.552475248,1.891385768,4.827715356,2,Largely Rural,rural,non-coastal,4,Affluent England ,23574,-1.135,5.775,283,295,122,286
E07000092,Rushmoor,flat,0.104,3,0.31,-0.2173837198,3.552995392,2.567741935,2.227011494,5.718390805,4,Urban with City and Town,urban,non-coastal,2,Urban Settlements,21973,-0.126,19.017,36,156,60,59
E06000017,Rutland,right,0.056,1,-0.06,-0.767248035,1.730964467,1.382142857,1.473684211,2.036842105,1,Mainly Rural,rural,non-coastal,3,Countryside Living,22119,-1.048,7.826,306,309,199,304
E07000167,Ryedale,right,0.082,2,0.1,-0.4987136332,2.182879377,2.0671875,1.370449679,2.832976445,1,Mainly Rural,rural,non-coastal,3,Countryside Living,22226,-0.551,18.379,262,255,187,224
E08000006,Salford,left,0.191,5,0.38,0.7911761359,3.798488665,2.046285714,3.812636166,7.801742919,6,Urban with Major Conurbation,urban,non-coastal,2,Urban Settlements,17857,0.995,30.934,167,14,273,221
E08000028,Sandwell,left,0.215,5,0.29,1.221267422,2.121212121,1.432432432,2.566473988,3.676300578,6,Urban with Major Conurbation,urban,non-coastal,2,Urban Settlements,14407,0.705,36.936,298,96,311,303
E07000168,Scarborough,nshape,0.145,4,0.3,0.1508022853,3.014492754,2,2.277777778,4.555555556,3,Urban with Significant Rural,urban,coastal,3,Countryside Living,18695,0.499,29.336,53,47,219,28
E07000188,Sedgemoor,nshape,0.117,3,0.44,-0.1945338785,3.211678832,2.731843575,2.04805492,5.594965675,2,Largely Rural,rural,coastal,3,Countryside Living,19524,-0.066,25.31,16,111,136,15
E08000014,Sefton,flat,0.162,5,0.68,0.1650445462,3.888888889,2.863414634,2.38372093,6.825581395,6,Urban with Major Conurbation,urban,coastal,5,Services and Industrial Legacy ,19551,0.75,20.557,78,40,229,101
E07000169,Selby,right,0.079,2,0.37,-0.6613102181,2.748717949,2.805309735,1.676557864,4.703264095,1,Mainly Rural,rural,non-coastal,1,Town and Country Living,21636,-0.523,18.669,176,236,29,203
E07000111,Sevenoaks,right,0.075,2,0.33,-0.5406989948,3.155279503,2.353968254,2.739130435,6.447826087,2,Largely Rural,rural,non-coastal,4,Affluent England ,30545,-1.037,13.179,189,248,23,204
E08000019,Sheffield,flat,0.156,5,0.61,0.1935633524,6.366071429,2.723966942,3.78125,10.3,5,Urban with Minor Conurbation,urban,non-coastal,6,"Business, Education and Heritage Centres ",16179,0.456,29.183,103,91,218,202
E06000051,Shropshire,nshape,0.096,2,0.09,-0.4092596861,2.421602787,2.1275,1.62601626,3.459349593,2,Largely Rural,rural,non-coastal,3,Countryside Living,20851,-0.348,17.851,156,187,149,66
E06000039,Slough,nshape,0.126,4,0.29,0.5808654298,1.859447005,1.551004016,1.786226686,2.770444763,4,Urban with City and Town,urban,non-coastal,7,Ethnically Diverse Metropolitan Living,18831,0.147,19.963,260,159,279,177
E08000029,Solihull,flat,0.108,3,0.66,-0.4379855067,5.763975155,4.152777778,2.845849802,11.81818182,6,Urban with Major Conurbation,urban,non-coastal,1,Town and Country Living,24146,-0.256,18.354,139,197,106,209
E07000246,Somerset West and Taunton,nshape,0.104,3,0.29,-0.1000912993,2.647272727,2.208092486,1.979405034,4.370709382,,,,coastal,9,LA_MISMATCH,20107,-0.07,18.929,88,150,135,8
E07000006,South Bucks,right,0.057,1,0.02,-0.5416798759,2.88,1.717857143,2.692307692,4.625,3,Urban with Significant Rural,urban,non-coastal,4,Affluent England ,42252,-1.306,8.666,274,291,77,273
E07000012,South Cambridgeshire,right,0.056,1,0.02,-0.9464895938,2.142857143,2.032608696,1.672727273,3.4,2,Largely Rural,rural,non-coastal,4,Affluent England ,27554,-1.147,6.605,296,306,128,298
E07000039,South Derbyshire,right,0.083,2,0.25,-0.395518816,2.994594595,2.274324324,2.387096774,5.429032258,3,Urban with Significant Rural,urban,non-coastal,1,Town and Country Living,19419,-0.176,20.837,157,228,40,159
E06000025,South Gloucestershire,right,0.074,2,0.22,-0.4238545234,3.282352941,2.293333333,2.272727273,5.212121212,4,Urban with City and Town,urban,non-coastal,1,Town and Country Living,21979,-0.813,18.385,174,247,3,191
E07000044,South Hams,nshape,0.087,2,0.24,-0.3724351986,1.928825623,1.976923077,1.733333333,3.426666667,1,Mainly Rural,rural,coastal,3,Countryside Living,23739,-0.598,8.381,185,214,131,112
E07000140,South Holland,nshape,0.103,3,0.18,0.04506641047,1.823369565,1.527835052,1.732142857,2.646428571,2,Largely Rural,rural,non-coastal,1,Town and Country Living,18828,-0.214,32.664,273,230,257,197
E07000141,South Kesteven,right,0.091,2,0.26,-0.5322814969,2.666666667,2.342857143,1.794871795,4.205128205,2,Largely Rural,rural,non-coastal,1,Town and Country Living,20601,-0.525,15.959,99,190,59,85
E07000031,South Lakeland,right,0.063,1,0.16,-0.7990096168,2.015957447,2.08627451,1.7,3.546666667,1,Mainly Rural,rural,non-coastal,3,Countryside Living,25037,-0.485,12.03,266,285,81,265
E07000149,South Norfolk,right,0.078,2,0.05,-0.2867738591,2.076923077,1.838235294,1.619047619,2.976190476,1,Mainly Rural,rural,non-coastal,1,Town and Country Living,20768,-0.625,15.43,202,233,108,138
E07000155,South Northamptonshire,right,0.049,1,-0.04,-1.253948796,1.878787879,1.833333333,1.448275862,2.655172414,1,Mainly Rural,rural,non-coastal,1,Town and Country Living,25053,-1.042,10.543,307,311,173,307
E07000179,South Oxfordshire,right,0.054,1,0.18,-1.034552352,2.227848101,2.308695652,1.916666667,4.425,1,Mainly Rural,rural,non-coastal,4,Affluent England ,30913,-1.24,11.952,284,300,82,290
E07000126,South Ribble,right,0.091,2,0.26,-0.5947965568,3.0625,2.701449275,1.922005571,5.192200557,4,Urban with City and Town,urban,non-coastal,1,Town and Country Living,19811,0.093,14.155,96,199,30,124
E07000189,South Somerset,nshape,0.095,2,0.19,-0.1285808725,2.587548638,2.261538462,1.979695431,4.47715736,2,Largely Rural,rural,non-coastal,3,Countryside Living,20662,-0.25,20.102,105,176,100,39
E07000196,South Staffordshire,right,0.086,2,-0.06,-0.4694685955,2.449781659,2.236111111,1.92513369,4.304812834,3,Urban with Significant Rural,urban,non-coastal,1,Town and Country Living,20538,-0.484,16.784,120,204,41,97
E08000023,South Tyneside,left,0.206,5,0.31,1.181135348,2.855491329,1.567541766,3.675438596,5.761403509,6,Urban with Major Conurbation,urban,coastal,5,Services and Industrial Legacy ,15995,0.863,27.364,269,75,302,283
E06000045,Southampton,flat,0.135,4,0.38,0.2935030572,3.177018634,2.106722689,2.662192394,5.608501119,4,Urban with City and Town,urban,non-coastal,6,"Business, Education and Heritage Centres ",16994,0.541,26.939,29,50,201,25
E06000033,Southend-on-Sea,flat,0.144,4,0.38,0.2054257843,3.917857143,2.272268908,2.692307692,6.117647059,4,Urban with City and Town,urban,coastal,2,Urban Settlements,21064,0.062,25.052,21,60,194,64
E09000028,Southwark,left,0.162,5,0.43,1.086234677,2.410526316,1.519061584,2.68503937,4.078740157,6,Urban with Major Conurbation,urban,london,8,London Cosmopolitan,26449,0.112,11.086,213,62,282,222
E07000213,Spelthorne,right,0.079,2,0.31,-0.2179850003,2.65,1.990277778,2.117647059,4.214705882,6,Urban with Major Conurbation,urban,non-coastal,4,Affluent England ,26874,-0.56,18.213,197,234,80,166
E07000240,St Albans,right,0.06,1,0.12,-0.8221182791,3.598360656,2.432653061,3.024691358,7.358024691,4,Urban with City and Town,urban,non-coastal,4,Affluent England ,34482,-1.31,4.864,277,290,104,280
E08000013,St. Helens,left,0.182,5,0.36,0.5353027535,4.987220447,2.197435897,3.391304348,7.452173913,6,Urban with Major Conurbation,urban,non-coastal,5,Services and Industrial Legacy ,16788,1.069,27.804,118,13,251,195
E07000197,Stafford,right,0.078,2,0.35,-0.6699167937,3.7125,2.960377358,2.046332046,6.057915058,3,Urban with Significant Rural,urban,non-coastal,1,Town and Country Living,19982,-0.216,13.947,206,252,34,229
E07000198,Staffordshire Moorlands,right,0.084,2,0.38,-0.6425520132,3.035555556,2.625806452,1.490384615,3.913461538,2,Largely Rural,rural,non-coastal,1,Town and Country Living,19508,-0.249,18.228,215,245,119,212
E07000243,Stevenage,nshape,0.122,3,0.1,1.085501527,1.655246253,1.544680851,1.483585859,2.291666667,4,Urban with City and Town,urban,non-coastal,2,Urban Settlements,20482,-0.094,25.396,295,218,292,237
E08000007,Stockport,flat,0.12,3,0.46,-0.1997954701,3.863636364,2.831764706,2.428571429,6.877142857,6,Urban with Major Conurbation,urban,non-coastal,1,Town and Country Living,21470,0.355,17.933,3,117,73,30
E06000004,Stockton-on-Tees,flat,0.164,5,0.55,0.124163861,5.72983871,2.917094017,3.015463918,8.796391753,4,Urban with City and Town,urban,non-coastal,5,Services and Industrial Legacy ,17737,0.684,24.786,70,82,210,190
E06000021,Stoke-on-Trent,left,0.19,5,0.31,0.7205284479,3.700767263,1.780645161,3.81147541,6.786885246,4,Urban with City and Town,urban,non-coastal,2,Urban Settlements,15485,1.037,38.935,198,22,281,233
E07000221,Stratford-on-Avon,right,0.068,1,0.02,-0.6269686312,2.171428571,2.36,1.54494382,3.646067416,1,Mainly Rural,rural,non-coastal,3,Countryside Living,28099,-0.626,9.137,238,268,70,230
E07000082,Stroud,right,0.078,2,0.11,-0.4899921485,2.444954128,1.942424242,1.71875,3.338541667,3,Urban with Significant Rural,urban,non-coastal,1,Town and Country Living,23003,-0.591,11.741,155,232,28,132
E08000024,Sunderland,left,0.192,5,0.39,0.7701910675,3.74559194,1.994252874,2.929292929,5.841750842,6,Urban with Major Conurbation,urban,coastal,5,Services and Industrial Legacy ,16000,0.828,30.423,200,10,288,231
E07000214,Surrey Heath,right,0.054,1,0.32,-1.208306884,4.060606061,3.205263158,2.261904762,7.25,4,Urban with City and Town,urban,non-coastal,4,Affluent England ,29358,-0.95,9.757,309,310,206,310
E09000029,Sutton,right,0.095,2,0.36,-0.466677834,3.333333333,2.726027397,2.085714286,5.685714286,6,Urban with Major Conurbation,urban,london,2,Urban Settlements,23490,-0.57,11.953,100,193,57,109
E07000113,Swale,nshape,0.149,4,0.43,0.05855850456,3.446327684,2.540495868,2.160714286,5.489285714,2,Largely Rural,rural,coastal,1,Town and Country Living,19322,0.23,34.111,45,36,220,27
E06000030,Swindon,flat,0.109,3,0.38,-0.4612099583,3.191836735,3.149019608,1.941624365,6.114213198,4,Urban with City and Town,urban,non-coastal,2,Urban Settlements,19804,0.007,24.621,32,151,69,54
E08000008,Tameside,left,0.175,5,0.12,0.6021640319,3.234567901,2.052980132,2.516666667,5.166666667,6,Urban with Major Conurbation,urban,non-coastal,2,Urban Settlements,16647,0.855,29.128,134,2,264,168
E07000199,Tamworth,flat,0.126,4,0,0.006154623174,3.765957447,2.298076923,2.810810811,6.459459459,4,Urban with City and Town,urban,non-coastal,5,Services and Industrial Legacy ,18574,0.27,30.922,30,102,159,65
E07000215,Tandridge,right,0.063,1,0.07,0.005929411884,2.478021978,1.493846154,2.838427948,4.240174672,3,Urban with Significant Rural,urban,non-coastal,4,Affluent England ,28904,-0.654,12.767,257,276,83,232
E07000045,Teignbridge,nshape,0.101,3,0.19,-0.5087950681,2.6,2.139622642,1.558823529,3.335294118,2,Largely Rural,rural,coastal,3,Countryside Living,20181,-0.268,15.698,217,206,197,134
E06000020,Telford and Wrekin,flat,0.156,5,0.41,0.3629858607,3.86875,2.177617329,2.965738758,6.458244111,4,Urban with City and Town,urban,non-coastal,2,Urban Settlements,17033,0.446,27.926,31,16,221,90
E07000076,Tendring,left,0.173,5,0.49,0.2625754282,2.487394958,2.211678832,1.929577465,4.267605634,2,Largely Rural,rural,coastal,3,Countryside Living,18246,0.693,35.781,182,31,275,140
E07000093,Test Valley,right,0.066,1,0.34,-0.8185459696,3.379310345,2.791666667,2,5.583333333,3,Urban with Significant Rural,urban,non-coastal,4,Affluent England ,25471,-0.736,13.466,271,288,101,275
E07000083,Tewkesbury,right,0.077,2,0.06,-0.7067672326,2.907216495,2.706306306,1.594827586,4.316091954,2,Largely Rural,rural,non-coastal,1,Town and Country Living,22531,-0.592,15.883,190,249,20,208
E07000114,Thanet,left,0.185,5,0.43,0.3916531411,2.85193133,2.170860927,2.154065621,4.67617689,4,Urban with City and Town,urban,coastal,3,Countryside Living,18074,0.379,32.475,169,5,277,169
E07000102,Three Rivers,right,0.071,1,0.42,-0.559986521,4.230215827,2.596153846,2.452830189,6.367924528,6,Urban with Major Conurbation,urban,non-coastal,4,Affluent England ,29268,-1.106,12.196,247,272,91,258
E06000034,Thurrock,nshape,0.13,4,0.4,0.1517899997,3.275862069,1.856326531,2.606382979,4.838297872,6,Urban with Major Conurbation,urban,non-coastal,2,Urban Settlements,18976,-0.234,30.002,80,103,195,72
E07000115,Tonbridge and Malling,right,0.08,2,0.17,-0.6327525052,3.045918367,2.803508772,2.028469751,5.68683274,3,Urban with Significant Rural,urban,non-coastal,4,Affluent England ,24411,-0.734,17.262,188,244,37,210
E06000027,Torbay,left,0.174,5,0.37,0.5675907815,2.309055118,1.8,1.938271605,3.488888889,4,Urban with City and Town,urban,coastal,3,Countryside Living,18412,0.504,25.498,194,11,283,183
E07000046,Torridge,nshape,0.121,3,-0.02,-0.2217335431,1.68957346,1.860952381,1.62037037,3.015432099,1,Mainly Rural,rural,coastal,3,Countryside Living,19383,0.116,24.535,263,184,266,160
E09000030,Tower Hamlets,left,0.192,5,0.28,1.405483197,2.204047218,1.352941176,2.503067485,3.386503067,6,Urban with Major Conurbation,urban,london,8,London Cosmopolitan,25949,0.195,16.934,276,86,304,281
E08000009,Trafford,flat,0.107,3,0.51,-0.4198531292,4.375,3.423021583,2.421602787,8.289198606,6,Urban with Major Conurbation,urban,non-coastal,2,Urban Settlements,24775,-0.072,10.656,75,174,66,162
E07000116,Tunbridge Wells,right,0.073,1,0.19,-0.4208516364,2.62,1.96,2.109375,4.134375,3,Urban with Significant Rural,urban,non-coastal,4,Affluent England ,28297,-0.877,12.294,223,254,93,206
E07000077,Uttlesford,right,0.054,1,0.06,-0.7107771895,2.466666667,2.064516129,1.823529412,3.764705882,1,Mainly Rural,rural,non-coastal,4,Affluent England ,28121,-1.308,9.793,272,292,46,276
E07000180,Vale of White Horse,right,0.057,1,0.15,-0.818636607,2.633333333,2.094736842,1.862745098,3.901960784,2,Largely Rural,rural,non-coastal,4,Affluent England ,24781,-1.122,11.619,281,294,85,279
E08000036,Wakefield,flat,0.147,4,0.3,0.4916734006,3.53015873,2.027480916,2.885462555,5.850220264,4,Urban with City and Town,urban,non-coastal,5,Services and Industrial Legacy ,17135,0.539,35.794,50,30,222,98
E08000030,Walsall,left,0.2,5,0.6,0.7799548068,4.140056022,1.549038462,4.244897959,6.575510204,6,Urban with Major Conurbation,urban,non-coastal,2,Urban Settlements,15598,0.562,37.845,235,69,293,268
E09000031,Waltham Forest,left,0.152,4,0.18,0.4573969996,1.887795276,1.73046595,1.585227273,2.743181818,6,Urban with Major Conurbation,urban,london,7,Ethnically Diverse Metropolitan Living,23653,-0.161,16.968,234,98,285,185
E09000032,Wandsworth,nshape,0.107,3,0.35,0.0553544986,2.975806452,2.116666667,2.909090909,6.157575758,6,Urban with Major Conurbation,urban,london,8,London Cosmopolitan,39573,-0.388,6.649,44,144,115,12
E06000007,Warrington,flat,0.109,3,0.53,-0.305827961,4.125,3.224657534,2.10982659,6.803468208,4,Urban with City and Town,urban,non-coastal,1,Town and Country Living,20291,0.278,18.671,43,154,76,144
E07000222,Warwick,right,0.07,1,0.3,-0.506777213,3.35483871,2.495575221,2.456521739,6.130434783,4,Urban with City and Town,urban,non-coastal,6,"Business, Education and Heritage Centres ",25164,-0.351,9.664,204,256,19,215
E07000103,Watford,nshape,0.092,2,0.14,-0.1346881021,2.820833333,2.108860759,2.532051282,5.33974359,6,Urban with Major Conurbation,urban,non-coastal,2,Urban Settlements,23957,-0.406,12.578,65,173,54,26
E07000216,Waverley,right,0.054,1,0.03,-0.8568072123,3.264,2.231111111,2.23880597,4.995024876,2,Largely Rural,rural,non-coastal,4,Affluent England ,33413,-0.917,7.59,299,307,137,299
E07000065,Wealden,right,0.073,1,0.29,-0.6234413509,2.558974359,2.067741935,1.9375,4.00625,1,Mainly Rural,rural,non-coastal,3,Countryside Living,28507,-0.97,14.304,164,240,5,172
E07000156,Wellingborough,flat,0.126,4,0.18,0.04782488595,4.012396694,2.145614035,2.701421801,5.796208531,3,Urban with Significant Rural,urban,non-coastal,2,Urban Settlements,18933,0.14,29.522,116,125,189,167
E07000241,Welwyn Hatfield,nshape,0.086,2,0.34,0.09037740651,3.421621622,1.682758621,3.222222222,5.422222222,4,Urban with City and Town,urban,non-coastal,6,"Business, Education and Heritage Centres ",21698,-0.446,16.161,149,205,97,115
E06000037,West Berkshire,right,0.064,1,0.12,-0.6428955551,2.823529412,2.22,1.785714286,3.964285714,3,Urban with Significant Rural,urban,non-coastal,4,Affluent England ,26745,-0.888,13.476,246,278,45,253
E07000047,West Devon,nshape,0.098,3,-0.05,0.2586448257,1.857142857,1.47311828,1.897959184,2.795918367,1,Mainly Rural,rural,non-coastal,3,Countryside Living,21639,-0.186,13.317,254,222,228,158
E07000127,West Lancashire,flat,0.123,4,0.63,-0.2935367502,3.923664122,3.465853659,1.782608696,6.17826087,3,Urban with Significant Rural,urban,non-coastal,1,Town and Country Living,19710,0.008,19.109,57,122,146,96
E07000142,West Lindsey,nshape,0.123,4,0.61,-0.2386858729,2.944078947,2.792473118,1.933471933,5.399168399,1,Mainly Rural,rural,non-coastal,3,Countryside Living,19303,-0.049,19.889,55,110,170,16
E07000181,West Oxfordshire,right,0.059,1,-0.06,-1.191851004,1.775,1.923809524,1.944444444,3.740740741,1,Mainly Rural,rural,non-coastal,4,Affluent England ,26347,-0.924,13.309,293,297,144,287
E07000245,West Suffolk,right,0.081,2,0.23,-0.2537669661,2.487704918,2.206015038,1.797297297,3.964864865,,,,non-coastal,9,LA_MISMATCH,19730,-0.32,23.483,158,219,65,110
E09000033,Westminster,flat,0.135,4,0.48,0.1229881584,5.163636364,2.584474886,4.38,11.32,6,Urban with Major Conurbation,urban,london,8,London Cosmopolitan,54847,-0.855,8.535,27,97,161,151
E08000010,Wigan,flat,0.148,4,0.34,0.1702902471,4.458333333,2.455555556,2.785714286,6.84047619,6,Urban with Major Conurbation,urban,non-coastal,5,Services and Industrial Legacy ,17063,0.618,26.672,47,68,202,145
E06000054,Wiltshire,right,0.078,2,0.13,-0.5481538364,2.543378995,2.138461538,1.96969697,4.212121212,2,Largely Rural,rural,non-coastal,1,Town and Country Living,22522,-0.587,16.99,144,229,14,137
E07000094,Winchester,right,0.058,1,0.18,-0.8238112241,2.935483871,2.176237624,2.295454545,4.995454545,2,Largely Rural,rural,non-coastal,4,Affluent England ,27723,-1.061,8.774,264,287,33,267
E06000040,Windsor and Maidenhead,right,0.058,1,0.11,-0.79587834,3.792,2.866666667,1.944444444,5.574074074,4,Urban with City and Town,urban,non-coastal,4,Affluent England ,31202,-1.033,9.133,301,305,157,301
E08000015,Wirral,flat,0.174,5,0.63,0.2443050288,5.049180328,3.02,2.873563218,8.67816092,6,Urban with Major Conurbation,urban,coastal,5,Services and Industrial Legacy ,19048,0.962,21.595,97,54,230,163
E07000217,Woking,right,0.067,1,0.11,-0.822528913,3.25,2.62745098,2.428571429,6.380952381,6,Urban with Major Conurbation,urban,non-coastal,4,Affluent England ,28963,-0.655,10.152,249,279,55,263
E06000041,Wokingham,right,0.044,1,-0.01,-1.808779782,2.761904762,2.133333333,2.117647059,4.517647059,4,Urban with City and Town,urban,non-coastal,4,Affluent England ,27792,-1.545,6.223,314,314,248,314
E08000031,Wolverhampton,left,0.211,5,0.41,0.9095992988,3.074226804,1.543577982,2.957937585,4.565807327,6,Urban with Major Conurbation,urban,non-coastal,2,Urban Settlements,15570,0.607,31.717,258,32,301,269
E07000237,Worcester,flat,0.117,3,0.44,-0.3401958916,3.521400778,3.188636364,2.244897959,7.158163265,4,Urban with City and Town,urban,non-coastal,2,Urban Settlements,20165,0.038,20.437,58,134,140,81
E07000229,Worthing,nshape,0.101,3,0.22,0.150176551,2.897119342,1.87173913,2.875,5.38125,4,Urban with City and Town,urban,coastal,2,Urban Settlements,22257,-0.085,18.582,92,164,117,17
E07000238,Wychavon,right,0.085,2,0.3,-0.3208844606,3,2.262686567,1.8767507,4.246498599,1,Mainly Rural,rural,non-coastal,1,Town and Country Living,23007,-0.559,17.675,132,211,38,130
E07000007,Wycombe,right,0.076,2,0.42,-0.3537796236,5.111111111,2.425396825,3.214285714,7.795918367,3,Urban with Significant Rural,urban,non-coastal,4,Affluent England ,28068,-1.037,13.985,253,267,130,257
E07000128,Wyre,nshape,0.125,4,0.4,-0.3784252425,2.819314642,3.120430108,1.830708661,5.712598425,2,Largely Rural,rural,coastal,3,Countryside Living,17662,0.427,19.271,111,113,204,60
E07000239,Wyre Forest,nshape,0.127,4,0.06,-0.1770818653,3.539923954,2.495833333,2.068965517,5.163793103,3,Urban with Significant Rural,urban,non-coastal,1,Town and Country Living,18674,-0.058,25.827,91,129,167,71
E06000014,York,right,0.072,1,0.26,-0.7940865563,3.25625,3.267924528,2.217573222,7.246861925,4,Urban with City and Town,urban,non-coastal,6,"Business, Education and Heritage Centres ",19777,-0.316,15.698,240,269,78,261
